<NewDataSet>
  <Table>
    <DBVersionID>1</DBVersionID>
    <Version>2.0000</Version>
    <UpdatedOn>2014-10-13T00:00:00+05:30</UpdatedOn>
    <MCVApp1>ucad</MCVApp1>
    <MCVNum1>1.1</MCVNum1>
    <MCVApp2>ucad3d</MCVApp2>
    <MCVNum2>1.1</MCVNum2>
    <MCVApp3>pbom</MCVApp3>
    <MCVNum3>1.0</MCVNum3>
    <MCVApp4>vckt</MCVApp4>
    <MCVNum4>1.0</MCVNum4>
    <MCVApp5>assydr</MCVApp5>
    <MCVNum5>1.0</MCVNum5>
    <MCVApp6>sedms</MCVApp6>
    <MCVNum6>1.0</MCVNum6>
  </Table>
</NewDataSet>