<NewDataSet>
  <xs:schema id="NewDataSet" xmlns="" xmlns:xs="http://www.w3.org/2001/XMLSchema" xmlns:msdata="urn:schemas-microsoft-com:xml-msdata">
    <xs:element name="NewDataSet" msdata:IsDataSet="true" msdata:UseCurrentLocale="true">
      <xs:complexType>
        <xs:choice minOccurs="0" maxOccurs="unbounded">
          <xs:element name="Table">
            <xs:complexType>
              <xs:sequence>
                <xs:element name="DBVersionID" type="xs:int" minOccurs="0" />
                <xs:element name="Version" type="xs:decimal" minOccurs="0" />
                <xs:element name="UpdatedOn" type="xs:dateTime" minOccurs="0" />
                <xs:element name="MCVApp1" type="xs:string" minOccurs="0" />
                <xs:element name="MCVNum1" type="xs:string" minOccurs="0" />
                <xs:element name="MCVApp2" type="xs:string" minOccurs="0" />
                <xs:element name="MCVNum2" type="xs:string" minOccurs="0" />
                <xs:element name="MCVApp3" type="xs:string" minOccurs="0" />
                <xs:element name="MCVNum3" type="xs:string" minOccurs="0" />
                <xs:element name="MCVApp4" type="xs:string" minOccurs="0" />
                <xs:element name="MCVNum4" type="xs:string" minOccurs="0" />
                <xs:element name="MCVApp5" type="xs:string" minOccurs="0" />
                <xs:element name="MCVNum5" type="xs:string" minOccurs="0" />
                <xs:element name="MCVApp6" type="xs:string" minOccurs="0" />
                <xs:element name="MCVNum6" type="xs:string" minOccurs="0" />
              </xs:sequence>
            </xs:complexType>
          </xs:element>
        </xs:choice>
      </xs:complexType>
    </xs:element>
  </xs:schema>
  <Table>
    <DBVersionID>1</DBVersionID>
    <Version>2.0000</Version>
    <UpdatedOn>2014-10-13T00:00:00+05:30</UpdatedOn>
    <MCVApp1>ucad.2d</MCVApp1>
    <MCVNum1>1.1</MCVNum1>
    <MCVApp2>ucad.3d</MCVApp2>
    <MCVNum2>1.1</MCVNum2>
    <MCVApp3>pbom</MCVApp3>
    <MCVNum3>1.0</MCVNum3>
    <MCVApp4>vckt</MCVApp4>
    <MCVNum4>1.0</MCVNum4>
    <MCVApp5>assydr</MCVApp5>
    <MCVNum5>1.0</MCVNum5>
    <MCVApp6>sedms</MCVApp6>
    <MCVNum6>1.0</MCVNum6>
  </Table>
</NewDataSet>